"Number","GT","GT%","rsID","Chr","Pos","report"
"SNP-1","CC","19.95%","rs10500915","chr11",21753388,"JK"
"SNP-2","CC","25.47%","rs10756250","chr9",11446771," 2.747746e+33"
"SNP-3","CA","50%","rs10991211","chr9",107075196,"JK"
"SNP-4","CC","25.09%","rs11076452","chr16",51374733," 路人甲"
"SNP-5","GG","24.94%","rs1159311","chr2",107209687," 男"
"SNP-6","AA","24.63%","rs11659227","chr18",23069326,"1999年1月1日"
"SNP-7","GG","3.236%","rs1241304","chr14",25869209,"2020年2月2日"
"SNP-8","CC","24.91%","rs12638242","chr3",59240496,"13312345678"
"SNP-9","GG","25.12%","rs13090964","chr3",19818481," 北京市海淀区颐和园路5号"
"SNP-10","CC","21.87%","rs13279486","chr8",40140397,NA
"SNP-11","Null","0%","rs1377902","chr4",32392102,NA
"SNP-12","CC","23.89%","rs17684347","chr4",28401977,NA
"SNP-13","TA","13.21%","rs1861718","chr12",127516420,NA
"SNP-14","GA","19.82%","rs1876456","chr6",98740230,NA
"SNP-15","TC","50%","rs200162","chr1",230614110,NA
"SNP-16","AG","49.99%","rs2022858","chr1",102608577,NA
"SNP-17","CG","19.56%","rs2031420","chr13",22444015,NA
"SNP-18","GA","41.03%","rs2057041","chr20",6921750,NA
"SNP-19","TT","24.84%","rs2060337","chr15",70615407,NA
"SNP-20","GG","22.08%","rs2216802","chr2",53548539,NA
"SNP-21","TT","15.47%","rs2310738","chr5",105809541,NA
"SNP-22","CA","50%","rs2386626","chr10",5721653,NA
"SNP-23","CC","25.03%","rs2813838","chr7",24149292,NA
"SNP-24","GT","50%","rs2826121","chr21",21644193,NA
"SNP-25","CC","15.99%","rs2829433","chr21",26227481,NA
"SNP-26","TT","24.75%","rs295886","chr17",35128715,NA
"SNP-27","CA","50%","rs2963129","chr5",164208108,NA
"SNP-28","CA","48.09%","rs308685","chr13",62677852,NA
"SNP-29","CA","50%","rs35200965","chr5",43951695,NA
"SNP-30","CC","23.71%","rs35637306","chr19",32688419,NA
"SNP-31","AT","13.46%","rs387543","chr16",62685501,NA
"SNP-32","GG","10.56%","rs4073212","chr8",80265468,NA
"SNP-33","AG","50%","rs412467","chr5",73680093,NA
"SNP-34","CC","10.48%","rs41446051","chr2",14046589,NA
"SNP-35","GG","24.84%","rs438187","chr12",42075370,NA
"SNP-36","AA","15.44%","rs4425603","chr6",156301976,NA
"SNP-37","AA","24.72%","rs4620756","chr11",114901570,NA
"SNP-38","CT","34.64%","rs4762175","chr12",97604246,NA
"SNP-39","GC","14.03%","rs4833043","chr4",38416416,NA
"SNP-40","AG","12.96%","rs4881174","chr10",3502520,NA
"SNP-41","AA","24.75%","rs4926703","chr1",56361223,NA
"SNP-42","CT","49.97%","rs5769852","chr22",49448476,NA
"SNP-43","CA","50%","rs6063600","chr20",49743736,NA
"SNP-44","TT","25.12%","rs6455989","chr6",165475684,NA
"SNP-45","GC","17.53%","rs6954149","chr7",153039799,NA
"SNP-46","GT","17.09%","rs7157971","chr14",46384022,NA
"SNP-47","CT","50%","rs72671448","chr14",29639302,NA
"SNP-48","GG","24.94%","rs7928133","chr11",27843738,NA
"SNP-49","CC","5.929%","rs7995018","chr13",112532803,NA
"SNP-50","GG","22.72%","rs8027868","chr15",98879825,NA
"SNP-51","CC","24.44%","rs8070506","chr17",51468026,NA
"SNP-52","TC","49.81%","rs8105430","chr19",49905029,NA
"SNP-53","CT","49.84%","rs897756","chr19",28799140,NA
"SNP-54","AA","25.16%","rs9541254","chr13",35134562,NA
"SNP-55","GC","20.99%","rs968975","chr8",58429851,NA
"SNP-56","CC","25.03%","rs9917605","chr22",27732798,NA
"SNP-57","Null","0%","rs9943694","chr12",84222209,NA
